Status;Category;Level;Section Nr;Section Name;HTML File Name;Feature Names;Keywords;Remarks
Missing, (Assign right Category);Link;;;"&#8594; User Guide";GUI_Features_overview.html;;;
OK, (Assign right Category);TOC;1;;Table of Contents;REF_Features_Table_of_Contents.html;Table of Contents;Table of Contents,Reference Manual;
OK;Body;1;B 1;Introduction;REF_Features_Introduction.html;Introduction;Introduction;
OK;Body;1;B 2;The Run-Time Machine;REF_Features_Run-Time_Machine.html;Run-Time Machine;Run-Time Machine;
OK;Body;2;B 2.1;Installing and Starting Up;REF_Features_Installting_and_starting_up.html;Installting and starting up;Installting and starting up;
OK;Body;2;B 2.2;Command Line Switches;REF_Features_Command_line_switches.html;Command line switches;Command line switches,Command line options;
OK;Body;2;B 2.3;Starting Behavior;REF_Features_Starting_Behavior.html;Starting Behavior;Starting Behavior;
OK;Body;2;B 2.4;User Initialization Program;REF_Features_User_initialization_program.html;User initialization program;User initialization program,custom initialization program,My B4P Init.b4p;
OK;Body;2;B 2.5;Licensing;REF_Features_licensing.html;licensing;licensing,unlock;
OK;Body;2;B 2.6;Interactive Mode;REF_Features_interactive_mode.html;interactive mode;interactive mode;
OK;Body;3;B 2.6.1;Entering Interactive Mode;REF_Features_entering_interactive_mode.html;entering interactive mode;entering interactive mode;
OK;Body;3;B 2.6.2;Interactive Help;REF_Features_Interactive_help.html;Interactive help;Interactive help;
OK;Body;3;B 2.6.3;Execute B4P Statements Interactively;REF_Features_Execute_B4P_statements_interactively.html;Execute B4P statements interactively;Execute B4P statements interactively,interactive statements;
OK;Body;3;B 2.6.4;Execute B4P Expressions Interactively;REF_Features_Execute_B4P_expressions_interactively.html;Execute B4P expressions interactively;Execute B4P expressions interactively,interactive expressions;
OK;Body;3;B 2.6.5;Inspecting Tables Interactively;REF_Features_Inspect_Tables.html;Inspect Tables;Inspect Tables;
OK;Body;3;B 2.6.6;Inspecting Variables Interactively;REF_Features_Inspect_Variables.html;Inspect Variables;Inspect Variables;
OK;Body;3;B 2.6.7;Basic Commands;REF_Features_Basic_Commands.html;Basic Commands;Basic Commands;
OK;Body;3;B 2.6.8;Operating System Commands;REF_Features_Operating_System_Commands.html;Operating System Commands;Operating System Commands,OS Commands;
OK;Body;1;B 3;The Language;REF_Features_The_Language.html;The Language;The Language;
OK;Body;2;B 3.1;Basic Language Structure;REF_Features_Basic_Language_Structure.html;Basic Language Structure;Basic Language Structure,Blocks;
OK;Body;2;B 3.2;Distinct Language Features;REF_Features_Distinct_Language_Features.html;Distinct Language Features;Distinct Language Features;
OK;Body;2;B 3.3;Comments;REF_Features_comments.html;comments;comments;
OK;Body;2;B 3.4;Characters;REF_Features_Characters.html;Characters;Characters;
OK;Body;3;B 3.4.1;Case Sensitivity;REF_Features_case_sensitivity.html;case sensitivity;case sensitivity;
OK;Body;3;B 3.4.2;Console Input / Output;REF_Features_console.html;console;console;
OK;Body;2;B 3.5;Literal Constants;REF_Features_Literal_Constants.html;Literal Constants;Literal Constants;
OK;Body;3;B 3.5.1;(Unquoted) Literals;REF_Features_Unquoted_Literals.html;Unquoted Literals;Unquoted Literals;
OK;Body;3;B 3.5.2;Softquoted Literals;REF_Features_Softquoted_Literals.html;Softquoted Literals,Entities;Softquoted Literals,Entities;
OK;Body;3;B 3.5.3;Quoted Literals;REF_Features_Quoted_Literals.html;Quoted Literals;Quoted Literals;
OK;Body;3;B 3.5.4;Reserved Keywords;REF_Features_reserved_keywords.html;reserved keywords;reserved keywords;
OK;Body;2;B 3.6;Numeric Constants;REF_Features_Numeric_Constants.html;Numeric Constants;Numeric Constants;
OK;Body;2;B 3.7;Basic Data Types;REF_Features_basic_data_types.html;basic data types;basic data types;
OK;Body;3;B 3.7.1;Literals;REF_Features_data_types_literals.html;data types literals;data types literals;
OK;Body;4;B 3.7.1.1;Literals - Indexing;REF_Features_literals_indexing.html;literals indexing;literals indexing,length of literals;
OK;Body;4;B 3.7.1.2;Literals - Extracting Substrings;REF_Features_data_types_literals_extracting_substrings.html;data types literals extracting substrings;data types literals extracting substrings;
OK;Body;3;B 3.7.2;Numerals;REF_Features_data_types_numerals.html;data types numerals;data types numerals,plain numeral,plain numerals;
OK;Body;3;B 3.7.3;Dates;REF_Features_data_types_dates.html;data types dates;data types dates,plain date,plain dates;
OK;Body;3;B 3.7.4;Booleans;REF_Features_data_types_booleans.html;data types booleans;data types booleans;
OK;Body;3;B 3.7.5;Voids;REF_Features_data_types_voids.html;data types voids;data types voids;
OK;Body;3;B 3.7.6;Parameter sets;REF_Features_data_types_parameter_sets.html;data types parameter sets;data types parameter sets;
OK;Body;4;B 3.7.6.1;Parameter sets - Indexing;REF_Features_data_types_parameter_sets_indexing.html;data types parameter sets indexing;data types parameter sets indexing,parameter set indexing,length of parameter sets;
OK;Body;4;B 3.7.6.2;Parameter sets - Extracting Subsets;REF_Features_data_types_parameter_sets_extracting_subsets.html;data types parameter sets extracting subsets;data types parameter sets extracting subsets;
OK;Body;4;B 3.7.6.3;Parameter sets - Value Ranges;REF_Features_data_types_parameter_sets_value_ranges.html;data types parameter sets value ranges;data types parameter sets value ranges,parameter set value ranges;
OK;Body;4;B 3.7.6.4;Parameter sets - Value Repetitions;REF_Features_data_types_parameter_sets_value_repetitions.html;data types parameter sets value repetitions;data types parameter sets value repetitions,parameter set value repetitions;
OK;Body;2;B 3.8;Directories and Files;REF_Features_Directory_and_files.html;Directory and files;Directory and files,directories;
OK;Body;3;B 3.8.1;Path and File Names;REF_Features_path_names.html;path names;path names,file name,file names;
OK;Body;3;B 3.8.2;Loading Files - Character sets;REF_Features_loading_files.html;loading files;loading files;
OK;Body;3;B 3.8.3;Saving Files - Character sets;REF_Features_saving_files.html;saving files;saving files;
OK;Body;3;B 3.8.4;CSV File Format;REF_Features_CSV.html;CSV;CSV;
OK;Body;2;B 3.9;Locales;REF_Features_Locales.html;Locales;Locales,list of Locales,locale;
OK;Body;2;B 3.10;Miscellaneous Features;REF_Features_Miscellaneous_Features.html;Miscellaneous Features;Miscellaneous Features;
OK;Body;3;B 3.10.1;Verbose Levels;REF_Features_verbose.html;verbose;verbose,verbose levels;
OK;Body;3;B 3.10.2;Negative Indexing;REF_Features_negative_indexing.html;negative indexing;negative indexing;
OK;Body;2;B 3.11;Language Pitfalls;REF_Features_Language_pitfalls.html;Language pitfalls,Hijacking parameters;Language pitfalls,Hijacking parameters;
OK;Body;1;B 4;Variables;REF_Features_variable.html;variable,variables;variable,variables;
OK;Body;2;B 4.1;Variable Scopes;REF_Features_variable_scopes.html;variable scopes;variable scopes;
OK;Body;3;B 4.1.1;Global Variables;REF_Features_global_variables.html;global variables;global variables;
OK;Body;3;B 4.1.2;Local Variables;REF_Features_local_variables.html;local variables;local variables;
OK;Body;3;B 4.1.3;System Variables;REF_Features_system_variables.html;system variables;system variables;
OK;Body;4;B 4.1.3.1;List of System Variables;REF_Features_list_of_system_variables.html;list of system variables;list of system variables;
OK;Body;2;B 4.2;Variable Attributes;REF_Features_Variable_attributes.html;Variable attributes;Variable attributes;
OK;Body;2;B 4.3;Variable Forms and Trees;REF_Features_Variable_forms.html;Variable forms,base variable,base variables;Variable forms,base variable,base variables;
OK;Body;3;B 4.3.1;Simple Variables;REF_Features_simple_variables.html;simple variables;simple variables;
OK;Body;3;B 4.3.2;Arrays;REF_Features_arrays.html;arrays;arrays,array member,array members,spontaneous array creation;
OK;Body;3;B 4.3.3;Structures;REF_Features_structures.html;structures;structures,default members,structure members;
OK;Body;3;B 4.3.4;Zero Members Variables;REF_Features_zero_members.html;zero members;zero members;
OK;Body;3;B 4.3.5;Parameter Sets Specifying Members;REF_Features_specifying_members_with_parameter_sets.html;specifying members with parameter sets;specifying members with parameter sets;
OK;Body;2;B 4.4;References to Variables;REF_Features_references_to_variables.html;references to variables,variable references;references to variables,variable references;
OK;Body;3;B 4.4.1;Simple References;REF_Features_simple_references_to_variables.html;simple references to variables;simple references to variables;
OK;Body;3;B 4.4.2;Through-Referencing;REF_Features_through-referencing.html;through-referencing;through-referencing;
OK;Body;3;B 4.4.3;Redirecting References;REF_Features_redirecting_references.html;redirecting references;redirecting references;
OK;Body;3;B 4.4.4;Copying References;REF_Features_copying_references.html;copying references;copying references;
OK;Body;3;B 4.4.5;Releasing References;REF_Features_Releasing_references.html;Releasing references;Releasing references;
OK;Body;3;B 4.4.6;References in Member Variables;REF_Features_References_in_member_variables.html;References in member variables;References in member variables;
OK;Body;2;B 4.5;Protecting Variables;REF_Features_protecting_variables.html;protecting variables;protecting variables,protecting setting,variable protection,protection settings,variable protections;
OK;Body;1;B 5;Tables;REF_Features_tables.html;tables;tables;
OK;Body;2;B 5.1;Accessing Tables;REF_Features_accessing_tables.html;accessing tables;accessing tables,table access methods,table references;
OK;Body;3;B 5.1.1;Simple Table Access;REF_Features_simple_table_access.html;simple table access;simple table access;
OK;Body;3;B 5.1.2;Horizontal Table Access;REF_Features_horizontal_table_access.html;horizontal table access;horizontal table access,horizontal table accesses;
OK;Body;4;B 5.1.2.1;Horizontal Table Access w. Param. Sets;REF_Features_Horizontal_table_access_using_parameter_sets.html;Horizontal table access using parameter sets;Horizontal table access using parameter sets;
OK;Body;4;B 5.1.2.2;Horizontal Table Access w. Wildcards;REF_Features_Horizontal_table_access_using_wildcards.html;Horizontal table access using wildcards;Horizontal table access using wildcards;
OK;Body;4;B 5.1.2.3;Horizontal Table Access w. Ranges;REF_Features_Horizontal_table_access_using_ranges.html;Horizontal table access using ranges;Horizontal table access using ranges;
OK;Body;3;B 5.1.3;Vertical Table Access;REF_Features_vertical_table_access.html;vertical table access;vertical table access,vertical table accesses;
OK;Body;4;B 5.1.3.1;Vertical Table Access w. Param. Sets;REF_Features_Vertical_table_access_using_parameter_sets.html;Vertical table access using parameter sets;Vertical table access using parameter sets;
OK;Body;4;B 5.1.3.2;Vertical Table Access w. Wildcards;REF_Features_Vertical_table_access_using_wildcards.html;Vertical table access using wildcards;Vertical table access using wildcards;
OK;Body;4;B 5.1.3.3;Vertical Table Access w. Ranges;REF_Features_Vertical_table_access_using_ranges.html;Vertical table access using ranges;Vertical table access using ranges;
OK;Body;3;B 5.1.4;Matrix Table Access;REF_Features_matrix_table_access.html;matrix table access;matrix table access,matrix table accesses;
OK;Body;3;B 5.1.5;Partial Table Specification;REF_Features_partial_table_specification.html;partial table specification;partial table specification,partial table specifications,partial table references,partial table referencee;
OK;Body;3;B 5.1.6;Nested Partial Table Specification;REF_Features_nested_partial_table_specification.html;nested partial table specification;nested partial table specification,nested partial table specifications;
OK;Body;3;B 5.1.7;Shifted Table Column Specifications;REF_Features_shifted_table_column_specification.html;shifted table column specification,shifted table column specifications;shifted table column specification,shifted table column specifications;
OK;Body;3;B 5.1.8;Header Name Exception Handling;REF_Features_header_name_exception_handling.html;header name exception handling;header name exception handling;
OK;Body;3;B 5.1.9;Lookup Access Exception Handling;REF_Features_lookup_access_exception_handling.html;lookup access exception handling;lookup access exception handling;
OK;Body;2;B 5.2;Header Names - Memory Effect;REF_Features_memory_effect.html;memory effect;memory effect;
OK;Body;1;B 6;Assignments and Expressions;REF_Features_assignments.html;assignments,expressions;assignments,expressions;
OK;Body;2;B 6.1;Unary Operators;REF_Features_unary_operators.html;unary operators;unary operators;
OK;Body;2;B 6.2;Binary Operators;REF_Features_binary_operators.html;binary operators;binary operators;
OK;Body;3;B 6.2.1;Arithmetic Operators;REF_Features_arithmetic_operators.html;arithmetic operators;arithmetic operators;
OK;Body;4;B 6.2.1.1;Additions;REF_Features_addition.html;addition;addition;
OK;Body;4;B 6.2.1.2;Subtractions;REF_Features_subtraction.html;subtraction;subtraction;
OK;Body;4;B 6.2.1.3;Multiplications;REF_Features_multiplication.html;multiplication;multiplication;
OK;Body;4;B 6.2.1.4;Divisions;REF_Features_division.html;division;division;
OK;Body;3;B 6.2.2;Comparison Operators;REF_Features_comparison_operators.html;comparison operators,comparison expression;comparison operators,comparison expression;
OK;Body;4;B 6.2.2.1;Equal to;REF_Features_equal_to.html;equal to;equal to;
OK;Body;4;B 6.2.2.2;Not Equal to;REF_Features_not_equal_to.html;not equal to;not equal to;
OK;Body;4;B 6.2.2.3;Strictly Equal to;REF_Features_strictly_equal_to.html;strictly equal to;strictly equal to;
OK;Body;4;B 6.2.2.4;Strictly Not Equal to;REF_Features_strictly_not_equal_to.html;strictly not equal to;strictly not equal to;
OK;Body;4;B 6.2.2.5;Smaller than (or Equal to);REF_Features_smaller_than_or_equal_to.html;smaller than or equal to;smaller than or equal to;
OK;Body;4;B 6.2.2.6;Greater than (or Equal to);REF_Features_greater_than_or_equal_to.html;greater than or equal to;greater than or equal to;
OK;Body;3;B 6.2.3;Comparison Options;REF_Features_comparison_options.html;comparison options;comparison options,Epsilon;
OK;Body;4;B 6.2.3.1;Wildcards;REF_Features_wildcards.html;wildcards;wildcards,wildcard symbols;
OK;Body;3;B 6.2.4;Logical Operators;REF_Features_logical_operators.html;logical operators;logical operators;
OK;Body;4;B 6.2.4.1;Logical And;REF_Features_logical_and.html;logical and;logical and;
OK;Body;4;B 6.2.4.2;Logical Or;REF_Features_logical_or.html;logical or;logical or;
OK;Body;2;B 6.3;Deep Operators;REF_Features_deep_operators.html;deep operators;deep operators;
OK;Body;3;B 6.3.1;Deep Unary Operators;REF_Features_deep_unary_operators.html;deep unary operators;deep unary operators;
OK;Body;3;B 6.3.2;Deep Binary Operators;REF_Features_deep_binary_operators.html;deep binary operators;deep binary operators;
OK;Body;3;B 6.3.3;Matrix Operations Summary;REF_Features_matrix_operations_summary.html;matrix operations summary;matrix operations summary,matrix mathematics;
OK;Body;2;B 6.4;Assignment operators;REF_Features_Assignment_operators.html;Assignment operators;Assignment operators;
OK;Body;2;B 6.5;Deep Assignment Operators;REF_Features_deep_assignment_operators.html;deep assignment operators;deep assignment operators;
OK;Body;2;B 6.6;Ad-hoc Operators;REF_Features_ad-hoc_operators.html;ad-hoc operators;ad-hoc operators,ad-hoc operations;
OK;Body;3;B 6.6.1;Cascading ad-hoc Operators;REF_Features_cascading_ad-hoc_operators.html;cascading ad-hoc operators;cascading ad-hoc operators;
OK;Body;3;B 6.6.2;Ad-hoc Operators Overview;REF_Features_ad-hoc_operators_overview.html;ad-hoc operators overview;ad-hoc operators overview;
OK;Body;1;B 7;Transactions;REF_Features_Transactions.html;Transactions;Transactions;
OK;Body;2;B 7.1;Without Transaction Assignment Operators;REF_Features_Without_Transaction_Assignment_Operators.html;Without Transaction Assignment Operators;Without Transaction Assignment Operators;
OK;Body;3;B 7.1.1;Transactions between Variables;REF_Features_Transactions_between_variables.html;Transactions between variables;Transactions between variables;
OK;Body;3;B 7.1.2;Transactions from Tables to Variables;REF_Features_Transactions_from_tables_to_variables.html;Transactions from tables to variables;Transactions from tables to variables;
OK;Body;3;B 7.1.3;Transactions from Variables to Tables;REF_Features_Transactions_from_variables_to_tables.html;Transactions from variables to tables;Transactions from variables to tables,Open-ended ranges;
OK;Body;3;B 7.1.4;Transactions between Tables;REF_Features_Transactions_between_tables.html;Transactions between tables;Transactions between tables;
OK;Body;2;B 7.2;"&amp; Transaction Assignment Operators";REF_Features_Transactions_with_AND_assignment_operator.html;Transactions with AND assignment operator;Transactions with AND assignment operator;
OK;Body;3;B 7.2.1;"&amp; Transactions between Variables";REF_Features_AND_Transactions_between_variables.html;AND Transactions between variables;AND Transactions between variables;
OK;Body;3;B 7.2.2;"&amp; Transactions from Tables to Variables";REF_Features_AND_Transactions_from_tables_to_variables.html;AND Transactions from tables to variables;AND Transactions from tables to variables;
OK;Body;3;B 7.2.3;"&amp; Transactions from Variables to Tables";REF_Features_AND_Transactions_from_variables_to_tables.html;AND Transactions from variables to tables;AND Transactions from variables to tables;
OK;Body;3;B 7.2.4;"&amp; Transactions between Tables";REF_Features_AND_Transactions_between_tables.html;AND Transactions between tables;AND Transactions between tables;
OK;Body;2;B 7.3;"&vert; Transaction Assignment Operators";REF_Features_Transactions_with_OR_assignment_operator.html;Transactions with OR assignment operator;Transactions with OR assignment operator;
OK;Body;3;B 7.3.1;"&vert; Transactions between Variables";REF_Features_OR_Transactions_between_variables.html;OR Transactions between variables;OR Transactions between variables;
OK;Body;3;B 7.3.2;"&vert; Transactions from Tables to Variables";REF_Features_OR_Transactions_from_tables_to_variables.html;OR Transactions from tables to variables;OR Transactions from tables to variables;
OK;Body;3;B 7.3.3;"&vert; Transactions from Variables to Tables";REF_Features_OR_Transactions_from_variables_to_tables.html;OR Transactions from variables to tables;OR Transactions from variables to tables;
OK;Body;3;B 7.3.4;"&vert; Transactions between Tables";REF_Features_OR_Transactions_between_tables.html;OR Transactions between tables;OR Transactions between tables;
OK;Body;2;B 7.4;"&#43; Transaction Assignment Operators";REF_Features_Transactions_with_ADD_assignment_operator.html;Transactions with ADD assignment operator;Transactions with ADD assignment operator;
OK;Body;3;B 7.4.1;"&#43; Transactions between Variables";REF_Features_ADD_Transactions_between_variables.html;ADD Transactions between variables;ADD Transactions between variables;
OK;Body;3;B 7.4.2;"&#43; Transactions from Tables to Variables";REF_Features_ADD_Transactions_from_tables_to_variables.html;ADD Transactions from tables to variables;ADD Transactions from tables to variables;
OK;Body;3;B 7.4.3;"&#43; Transactions from Variables to Tables";REF_Features_ADD_Transactions_from_variables_to_tables.html;ADD Transactions from variables to tables;ADD Transactions from variables to tables;
OK;Body;3;B 7.4.4;"&#43; Transactions between Tables";REF_Features_ADD_Transactions_between_tables.html;ADD Transactions between tables;ADD Transactions between tables;
OK;Body;1;B 8;Functions and Procedures;REF_Features_Functions_and_Procedures.html;Functions and Procedures;Functions and Procedures,Function call,Function calls,Procedure call,Procedure calls;
OK;Body;2;B 8.1;Function Naming;REF_Features_Function_Naming.html;Function Naming;Function Naming;
OK;Body;2;B 8.2;Function Parameters;REF_Features_Function_Parameters.html;Function Parameters;Function Parameters,Function parameter;
OK;Body;2;B 8.3;Function Parameter Directions;REF_Features_Function_parameter_directions.html;Function parameter directions;Function parameter directions;
OK;Body;2;B 8.4;Function Parameter Types;REF_Features_Function_parameter_types.html;Function parameter types;Function parameter types;
OK;Body;3;B 8.4.1;Parameter Set or Literal (Func. Param. Type);REF_Features_parameter_set_or_literal.html;parameter set or literal;parameter set or literal;
OK;Body;3;B 8.4.2;Table Columns (Func. Param. Type);REF_Features_Table_columns.html;Table columns;Table columns,table columns as function parameters;
OK;Body;3;B 8.4.3;Code Pieces (Func. Param. Type);REF_Features_Code_Piece.html;Code Piece;Code Piece,code pieces;
OK;Body;4;B 8.4.3.1;Comparison Expressions (func. params);REF_Features_Comparison_Expression_(func._params).html;Comparison Expression (func. params);Comparison Expression (func. params),Comparison Expressions;
OK;Body;4;B 8.4.3.2;Expressions (func. params);REF_Features_Expressions_(func_params).html;Expressions (func params);Expressions (func params);
OK;Body;4;B 8.4.3.3;Variables (func. params);REF_Features_Variables_(func_params).html;Variables (func params);Variables (func params);
OK;Body;4;B 8.4.3.4;Statements (func. params);REF_Features_Statements_(func_params).html;Statements (func params);Statements (func params);
OK;Body;3;B 8.4.4;Expressions to Select Rows;REF_Features_Expressions_to_select_rows.html;Expressions to select rows;Expressions to select rows;
OK;Body;3;B 8.4.5;Expressions to Select Columns;REF_Features_Expressions_to_select_columns.html;Expressions to select columns;Expressions to select columns;
OK;Body;2;B 8.5;Indirect Parameter Passing;REF_Features_Indirect_parameter_passing.html;Indirect parameter passing;Indirect parameter passing;
OK;Body;2;B 8.6;Introduction to User-Defined Functions;REF_Features_Introduction_to_User-Defined_Functions.html;Introduction to User-Defined Functions;Introduction to User-Defined Functions;
OK;Body;1;B 9;Function Library;REF_Features_Function_Library.html;Function Library;Function Library;
OK;Body;2;B 9.1;Control Flow Functions;REF_Features_Control_Flow_Functions.html;Control Flow Functions;Control Flow Functions;
OK;Body;3;B 9.1.1;Branches;REF_Features_Branches.html;Branches;Branches;
OK;Body;4;B 9.1.1.1;if, unless;REF_Function_if.html;if,unless;if,unless,conditional branches;
OK;Body;4;B 9.1.1.2;else;REF_Features_else.html;else;else;
OK;Body;4;B 9.1.1.3;once;REF_Function_once.html;once;once,one-time execution;
OK;Body;4;B 9.1.1.4;switch, check;REF_Function_switch.html;switch,check;switch,check,alternative execution of code blocks;
OK;Body;4;B 9.1.1.5;case;REF_Function_case.html;case;case;
OK;Body;4;B 9.1.1.6;break, continue;REF_Function_break_case.html;break case,continue case,continue with next case,break loop,continue loop;break case,continue case,continue with next case,break loop,continue loop;
OK;Body;3;B 9.1.2;Loops;REF_Features_Loops.html;Loops;Loops;
OK;Body;4;B 9.1.2.1;do;REF_Function_do.html;do;do,do-loop;
OK;Body;4;B 9.1.2.2;for;REF_Function_for.html;for;for,for-loop;
OK;Body;4;B 9.1.2.3;while, until;REF_Function_while.html;while,until;while,until,Loops;
OK;Body;4;B 9.1.2.4;for all table columns;REF_Function_for_all_table_columns.html;for all table columns;for all table columns,for-loop through table columns;
OK;Body;4;B 9.1.2.5;for all current table columns;REF_Function_for_all_current_table_columns.html;for all current table columns;for all current table columns,for-loop through current table columns;
OK;Body;4;B 9.1.2.6;for all parameters;REF_Function_for_all_parameters.html;for all parameters;for all parameters,for-loop through parameter elements,parameter set;
OK;Body;4;B 9.1.2.7;for all table rows;REF_Function_for_all_table_rows.html;for all table rows;for all table rows,for-loop through table rows;
OK;Body;4;B 9.1.2.8;for all table selected rows;REF_Function_for_all_table_selected_rows.html;for all table selected rows;for all table selected rows,for-loop through selected table rows;
OK;Body;4;B 9.1.2.9;for all variables;REF_Function_for_all_variables.html;for all variables,for all variables if existing;for all variables,for all variables if existing,for-loop through variables,variable members;
OK;Body;4;B 9.1.2.10;for all current table selected columns;REF_Function_for_all_current_table_selected_columns.html;for all current table selected columns;for all current table selected columns,for-loop through table selected columns;
OK;Body;4;B 9.1.2.11;for all table selected columns;REF_Function_for_all_table_selected_columns.html;for all table selected columns;for all table selected columns,for-loop through table selected columns;
OK;Body;3;B 9.1.3;User-Defined Procedures and Functions;REF_Features_User_Defined_Procedures_and_Functiions.html;User Defined Procedures and Functiions;User Defined Procedures and Functiions,User-defined procedures and functions,user-defined procedures,user-defined functions,user procedures,user functions;
OK;Body;4;B 9.1.3.1;define procedure / function;REF_Function_define_procedure.html;define procedure,define function,define procedure and function;define procedure,define function,define procedure and function,defining user procedures and user functions,user-defined function;
OK;Body;4;B 9.1.3.2;define additional procedure / function;REF_Function_define_additional_procedure.html;define additional procedure,define additional function,define additional procedure and function;define additional procedure,define additional function,define additional procedure and function,additional function names;
OK;Body;4;B 9.1.3.3;Parameter Types in User-Defined Functions;REF_Features_user_parameter_types.html;user parameter types;user parameter types,list of parameter types in user functions;
OK;Body;4;B 9.1.3.4;return;REF_Function_return.html;return;return;
OK;Body;4;B 9.1.3.5;function / user function existing;REF_Function_function_existing.html;function existing,user function existing;function existing,user function existing;
OK;Body;4;B 9.1.3.6;delete user function;REF_Function_delete_user_function.html;delete user function;delete user function;
OK;Body;3;B 9.1.4;Start or include Beyond4P Programs;REF_Features_Start_or_include_Beyond4P_Programs.html;Start or include Beyond4P Programs;Start or include Beyond4P Programs,start programs,include programs;
OK;Body;4;B 9.1.4.1;start;REF_Function_start.html;start;start,start B4P program;
OK;Body;4;B 9.1.4.2;include;REF_Function_include.html;include;include,include B4P program,include library,include libraries;
OK;Body;3;B 9.1.5;Exception Functions;REF_Features_Exception_Functions.html;Exception Functions;Exception Functions;
OK;Body;4;B 9.1.5.1;pause;REF_Function_pause.html;pause;pause;
OK;Body;4;B 9.1.5.2;stop;REF_Function_stop.html;stop;stop;
OK;Body;4;B 9.1.5.3;interactive;REF_Function_interactive.html;interactive;interactive;
OK;Body;4;B 9.1.5.4;exit;REF_Function_exit.html;exit;exit;
OK;Body;4;B 9.1.5.5;end;REF_Function_end.html;end;end;
OK;Body;4;B 9.1.5.6;abort;REF_Function_abort.html;abort;abort;
OK;Body;4;B 9.1.5.7;throw;REF_Function_throw.html;throw;throw;
OK;Body;4;B 9.1.5.8;catch, catch if;REF_Function_catch.html;catch,catch if;catch,catch if;
OK;Body;4;B 9.1.5.9;exception;REF_Function_exception.html;exception;exception;
OK;Body;3;B 9.1.6;Comparison and Selection Functions;REF_Features_Comparison_and_selection_functions.html;Comparison and selection functions;Comparison and selection functions;
OK;Body;4;B 9.1.6.1;select, pick;REF_Function_select.html;select,pick;select,pick;
OK;Body;4;B 9.1.6.2;select if, pick if;REF_Function_select_if.html;select if,pick if;select if,pick if;
OK;Body;4;B 9.1.6.3;select ifs, pick ifs;REF_Function_select_ifs.html;select ifs,pick ifs;select ifs,pick ifs;
OK;Body;4;B 9.1.6.4;select / pick by value;REF_Function_select_by_value.html;select by value,pick by value;select by value,pick by value;
OK;Body;4;B 9.1.6.5;compare select / pick;REF_Function_compare_select.html;compare select,compare pick;compare select,compare pick;
OK;Body;3;B 9.1.7;Code Execution Functions;REF_Features_Code_Execution_Functions.html;Code Execution Functions;Code Execution Functions;
OK;Body;4;B 9.1.7.1;call;REF_Function_call.html;call;call;
OK;Body;4;B 9.1.7.2;deep, deepr;REF_Function_deep.html;deep,deepr;deep,deepr;
OK;Body;4;B 9.1.7.3;statements;REF_Function_statements.html;statements;statements,statements (function);
OK;Body;4;B 9.1.7.4;expression;REF_Function_expression.html;expression;expression,expression (function);
OK;Body;4;B 9.1.7.5;compare;REF_Function_compare.html;compare;compare,compare (function);
OK;Body;4;B 9.1.7.6;assign;REF_Function_assign.html;assign;assign,assign (function);
OK;Body;3;B 9.1.8;Other Control Flow Functions;REF_Features_Other_Control_Flow_Functions.html;Other Control Flow Functions;Other Control Flow Functions;
OK;Body;4;B 9.1.8.1;null - Function;REF_Function_null.html;null;null,null function;
OK;Body;4;B 9.1.8.2;with table;REF_Function_with_table.html;with table;with table;
OK;Body;2;B 9.2;Input / Output Functions;REF_Features_input_output_functions.html;input output functions;input output functions;
OK;Body;3;B 9.2.1;Text Input / Output;REF_Features_text_input_output.html;text input output;text input output;
OK;Body;4;B 9.2.1.1;echo, print ...;REF_Function_echo.html;echo,print,print line;echo,print,print line;
OK;Body;4;B 9.2.1.2;compose ...;REF_Function_compose.html;compose,compose line;compose,compose line;
OK;Body;4;B 9.2.1.3;input;REF_Function_input.html;input;input;
OK;Body;4;B 9.2.1.4;input quick ...;REF_Function_input_quick.html;input quick,input quick ignore case;input quick,input quick ignore case;
OK;Body;4;B 9.2.1.5;getch ...;REF_Function_getch.html;getch,getch ignore case;getch,getch ignore case;
OK;Body;3;B 9.2.2;Console Special Effects;REF_Features_Console_special_effects.html;Console special effects;Console special effects;
OK;Body;4;B 9.2.2.1;cls;REF_Function_cls.html;cls;cls,clear the screen;
OK;Body;4;B 9.2.2.2;cursor;REF_Function_cursor.html;cursor;cursor,cursor position,move cursor;
OK;Body;4;B 9.2.2.3;text / background color;REF_Function_text_color.html;text color,background color;text color,background color,font color,foreground color,screen color;
OK;Body;3;B 9.2.3;Inspection and Debugging;REF_Features_Inspection_and_debugging.html;Inspection and debugging;Inspection and debugging;
OK;Body;4;B 9.2.3.1;prompt;REF_Function_prompt.html;prompt;prompt;
OK;Body;4;B 9.2.3.2;inspect;REF_Function_inspect.html;inspect;inspect;
OK;Body;4;B 9.2.3.3;list variables ...;REF_Function_list_variables.html;list variables,list system variables,list global variables,list local variables;list variables,list system variables,list global variables,list local variables;
OK;Body;2;B 9.3;Type Conversion and Formatting Functions;REF_Features_Type_Conversion_Functions.html;Type Conversion Functions;Type Conversion Functions,type conversion;
OK;Body;3;B 9.3.1;literal, quoted literal, softquoted literal;REF_Function_literal.html;literal,softquoted literal;literal,softquoted literal,literal conversion,formatting template,literal conversion functions;
OK;Body;4;B 9.3.1.1;Literal to Literal Formatting;REF_Features_literal_to_literal_conversion_and_formatting.html;literal to literal conversion and formatting;literal to literal conversion and formatting,Literal to Literal Formatting Parameters;
OK;Body;4;B 9.3.1.2;Void to Literal Formatting;REF_Features_void_to_literal_conversion_and_formatting.html;void to literal conversion and formatting;void to literal conversion and formatting,Void to Literal Formatting Parameters;
OK;Body;4;B 9.3.1.3;Numeral to Literal Formatting;REF_Features_numeral_to_literal_conversion_and_formatting.html;numeral to literal conversion and formatting;numeral to literal conversion and formatting,Numeral to Literal Formatting Parameters;
OK;Body;4;B 9.3.1.4;Date to Literal Formatting;REF_Features_date_to_literal_conversion_and_formatting.html;date to literal conversion and formatting;date to literal conversion and formatting,Date to Literal Formatting Parameters;
OK;Body;4;B 9.3.1.5;Parameter Set to Literal Formatting;REF_Features_Parameter_Set_to_literal_conversion_and_formatting.html;Parameter Set to literal conversion and formatting;Parameter Set to literal conversion and formatting,Parameter Set to Literal Formatting Parameters;
OK;Body;4;B 9.3.1.6;Boolean to Literal Formatting;REF_Features_boolean_to_literal_conversion_and_formatting.html;boolean to literal conversion and formatting;boolean to literal conversion and formatting,Boolean to Literal Formatting Parameters;
OK;Body;4;B 9.3.1.7;Smart Formatting;REF_Features_smart_conversion_and_formatting.html;smart conversion and formatting;smart conversion and formatting,Smart Formatting Parameters,smart formatting;
OK;Body;3;B 9.3.2;numeral;REF_Function_numeral.html;numeral;numeral,numeral conversion function;
OK;Body;3;B 9.3.3;clean (if) numeral;REF_Function_clean_numeral.html;clean numeral,clean if numeral;clean numeral,clean if numeral,clean numerals;
OK;Body;3;B 9.3.4;smart (if) numeral;REF_Function_smart_numeral.html;smart numeral,smart if numeral;smart numeral,smart if numeral,smart numerals;
OK;Body;3;B 9.3.5;date, pure date, date time;REF_Function_date.html;date,pure date,date time;date,pure date,date time,date conversion functions;
OK;Body;3;B 9.3.6;time, pure time;REF_Function_time.html;time,pure time;time,pure time,time conversion functions;
OK;Body;3;B 9.3.7;Date and Time Detection Rules;REF_Features_Detects_dates_correctly_in_literals.html;Detects dates correctly in literals;Detects dates correctly in literals,Date and Time Detection Rules;
OK;Body;3;B 9.3.8;boolean;REF_Function_boolean.html;boolean;boolean,boolean conversion function;
OK;Body;3;B 9.3.9;parameter set;REF_Function_parameter_set.html;parameter set;parameter set,parameter set conversion function;
OK;Body;3;B 9.3.10;join ...;REF_Function_join.html;join,join ignore blanks,join unique,join unique ignore blanks;join,join ignore blanks,join unique,join unique ignore blanks;
OK;Body;3;B 9.3.11;type, type detailed;REF_Function_type.html;type,typd detailed;type,typd detailed,Identify variable types;
OK;Body;3;B 9.3.12;hash signature;REF_Function_hash_signature.html;hash signature;hash signature;
OK;Body;3;B 9.3.13;excel column number;REF_Function_excel_column_number.html;excel column number;excel column number;
OK;Body;3;B 9.3.14;excel check sheet name;REF_Function_excel_check_sheet_name.html;excel check sheet name;excel check sheet name;
OK;Body;2;B 9.4;Mathematics and Statistics;REF_Features_Mathematics_and_Statistics.html;Mathematics and Statistics;Mathematics and Statistics;
OK;Body;3;B 9.4.1;Basic Math Functions;REF_Features_basic_math_functions.html;basic math functions;basic math functions;
OK;Body;4;B 9.4.1.1;is numeric / integer - Functions;REF_Function_is_numeric.html;is numeric,is integer,is numeric or blank,is integer or blank,is strictly numeric,is strictly integer,is strictly numeric or blank,is strictly integer or blank;is numeric,is integer,is numeric or blank,is integer or blank,is strictly numeric,is strictly integer,is strictly numeric or blank,is strictly integer or blank,checking numbers;
OK;Body;4;B 9.4.1.2;even, odd, whole;REF_Function_even.html;even,odd,whole;even,odd,whole,even numbers,odd numbers,whole numbers;
OK;Body;4;B 9.4.1.3;abs - Absolute Value;REF_Function_abs.html;abs;abs,absolute value;
OK;Body;4;B 9.4.1.4;round, round up / down;REF_Function_round.html;round,round up,round down;round,round up,round down,rounding functions;
OK;Body;4;B 9.4.1.5;mod - Modulo function;REF_Function_mod.html;mod;mod,modulo;
OK;Body;4;B 9.4.1.6;random - Random Integers;REF_Function_random.html;random;random;
OK;Body;3;B 9.4.2;Transcendental Functions;REF_Features_transcendental_functions.html;transcendental functions;transcendental functions;
OK;Body;4;B 9.4.2.1;sqrt - Square Root;REF_Function_sqrt.html;sqrt;sqrt,Square Root;
OK;Body;4;B 9.4.2.2;pow - Power Function;REF_Function_pow.html;pow;pow,power function;
OK;Body;4;B 9.4.2.3;Exponential Functions;REF_Function_exp.html;exp,10p;exp,10p,exponential functions;
OK;Body;4;B 9.4.2.4;Logarithmic Functions;REF_Function_ln.html;ln,log;ln,log,logarithmic functions;
OK;Body;4;B 9.4.2.5;Trigonometric Functions;REF_Function_sin.html;sin,sin deg,cos,cos deg,tan,tan deg,asin,asin deg,acos,acos deg,atan,atan deg;sin,sin deg,cos,cos deg,tan,tan deg,asin,asin deg,acos,acos deg,atan,atan deg,trigonometric functions;
OK;Body;4;B 9.4.2.6;Hyperbolic Functions;REF_Function_sinh.html;sinh,cosh,tanh,asinh,acosh,atanh;sinh,cosh,tanh,asinh,acosh,atanh,hyperbolic functions;
OK;Body;3;B 9.4.3;Series Functions;REF_Features_series_functions.html;series functions;series functions;
OK;Body;4;B 9.4.3.1;Arithmetic and Boolean Series Functions;REF_Function_add.html;add,sub,mul,div,and,or,xor,xnor;add,sub,mul,div,and,or,xor,xnor,Arithmetic and Boolean Series Functions,Two parameter passing methods for series functions;
OK;Body;4;B 9.4.3.2;min, max Functions;REF_Function_min.html;min,max ignore zero,min ignore blanks,max ignore blanks;min,max ignore zero,min ignore blanks,max ignore blanks,min and max functions;
OK;Body;4;B 9.4.3.3;min, max Functions on Literals;REF_Function_min_abc.html;min abc,max abc,min abc ignore blanks,min abc ignore case,max abc ignore case,min abc ignore both,min literal,max literal,min literal ignore blanks,min literal ignore case,max literal ignore case,min literal ignore both;min abc,max abc,min abc ignore blanks,min abc ignore case,max abc ignore case,min abc ignore both,min literal,max literal,min literal ignore blanks,min literal ignore case,max literal ignore case,min literal ignore both,min and max functions on literals;
OK;Body;4;B 9.4.3.4;min, max Functions on Numerals;REF_Function_min_123.html;min 123,max 123,min 123 ignore zero,max 124 ignore zero,min numeral,max numeral,min numeral ignore zero,max numeral ignore zero;min 123,max 123,min 123 ignore zero,max 124 ignore zero,min numeral,max numeral,min numeral ignore zero,max numeral ignore zero,min and max functions on numerals;
OK;Body;4;B 9.4.3.5;count Functions;REF_Function_count.html;count,count ignore zero,count ignore blanks,count ignore both;count,count ignore zero,count ignore blanks,count ignore both,count functions;
OK;Body;3;B 9.4.4;Matrix Functions;REF_Features_matrix_functions.html;matrix functions;matrix functions;
OK;Body;4;B 9.4.4.1;minv - Matrix Inversion;REF_Function_minv.html;minv;minv,matrix inversion;
OK;Body;4;B 9.4.4.2;mdet - Matrix Determinant;REF_Function_mdet.html;mdet;mdet,matrix determinant;
OK;Body;4;B 9.4.4.3;mmul, mmdiv - Multiplication and Division;REF_Function_mmul.html;mmul,mdiv;mmul,mdiv,matrix multiplication,matrix division;
OK;Body;4;B 9.4.4.4;linear - Solve Linear Equations;REF_Function_linear.html;linear;linear,linear equation;
OK;Body;3;B 9.4.5;Statistics Functions;REF_Features_statistics_functions.html;statistics functions;statistics functions;
OK;Body;4;B 9.4.5.1;Basic Statistics Functions;REF_Function_average.html;average,average ignore zero,average ignore blanks,variance,variance ignore zero,variance ignore blanks,deviation,deviation ignore zero,deviation ignore blanks,rms,rms ignore zero,rms ignore blanks,geometric mean,geometric mean ignore zero,geometric mean ignore blanks,median,median ignore zero,product,product ignore zero,product ignore blanks,sum,parallel,harmonic mean;average,average ignore zero,average ignore blanks,variance,variance ignore zero,variance ignore blanks,deviation,deviation ignore zero,deviation ignore blanks,rms,rms ignore zero,rms ignore blanks,geometric mean,geometric mean ignore zero,geometric mean ignore blanks,median,median ignore zero,product,product ignore zero,product ignore blanks,sum,parallel,harmonic mean,basic statistics functions;
OK;Body;4;B 9.4.5.2;covariance, correlation;REF_Function_covariance.html;covariance,correlation;covariance,correlation,covariance and correlation;
OK;Body;4;B 9.4.5.3;gini Coefficient Functions;REF_Function_gini.html;gini,gini ignore blanks,gini ignore zero;gini,gini ignore blanks,gini ignore zero,gini coefficient,income disparity;
OK;Body;4;B 9.4.5.4;Linear and Exponential Regression;REF_Function_regression.html;regression;regression,linear regression,exponential regression;
OK;Body;4;B 9.4.5.5;Interpolation Functions;REF_Function_linear_interpolation.html;linear interpolation,nearest neighbor interpolation,nearest right neighbor interpolation,spline interpolation,polynomial interpolation;linear interpolation,nearest neighbor interpolation,nearest right neighbor interpolation,spline interpolation,polynomial interpolation;
OK;Body;5;B 9.4.5.5.1;Interpolation Examples Visualized;REF_Features_Interpolation_Examples.html;Interpolation Examples;Interpolation Examples,interpolation examples;
OK;Body;3;B 9.4.6;Conditional Combination Functions;REF_Function_sum_if.html;sum if,sum if any,product if,product if any,product ignore blanks if,product ignore blanks if any,product ignore zero if,product ignore zero if any,average if,average if any,average ignore blanks if,average ignore blanks if any,average ignore zero if,average ignore zero if any,rms if,rms if any,rms ignore blanks if,rms ignore blanks if any,rms ignore zero if,rms ignore zero if any,geometric mean if,geometric mean if any,geometric mean ignore blanks if,geometric mean ignore blanks if any,geometric mean ignore zero if,geometric mean ignore zero if any,harmonic mean if,harmonic mean if any,median if,median if any,median ignore zero if,median ignore zero if any,variance if,variance if any,variance ignore blanks if,variance ignore blanks if any,variance ignore zero if,variance ignore zero if any,deviation if,deviation if any,deviation ignore blanks if,deviation ignore blanks if any,deviation ignore zero if,deviation ignore zero if any,parallel if,parallel if any,count if,count if any,count ignore blanks if,count ignore blanks if any,count ignore zero if,count ignore zero if any,count ignore both if,count ignore both if any,max if,max if any,max ignore zero if,max ignore zero if any,max ignore blanks if,max ignore blanks if any,min if,min if any,min ignore zero if,min ignore zero if any,min ignore blanks if,min ignore blanks if any,max abc if,max abc if any,min abc if,min abc if any,min abc ignore blanks if,min abc ignore blanks if any,max abc ignore case if,min abc ignore case if any,min abc ignore both if,min abc ignore both if any,max literal if,max literal if any,min literal if,min literal if any,min literal ignore blanks if,min literal ignore blanks if any,max literal ignore case if,min literal ignore case if any,min literal ignore both if,min literal ignore both if any,max 123 if,max 123 if any,min 123 if,min 123 if any,max 123 ignore zero if,max 123 ignore zero if any,min 123 ignore zero if,min 123 ignore zero if any,max numeral if,max numeral if any,min numeral if,min numeral if any,max numeral ignore zero if,max numeral ignore zero if any,min numeral ignore zero if,min numeral ignore zero if any,join if,join if any,join ignore blanks if,join ignore blanks if any,join unique if,join unique ignore blanks if;sum if,sum if any,product if,product if any,product ignore blanks if,product ignore blanks if any,product ignore zero if,product ignore zero if any,average if,average if any,average ignore blanks if,average ignore blanks if any,average ignore zero if,average ignore zero if any,rms if,rms if any,rms ignore blanks if,rms ignore blanks if any,rms ignore zero if,rms ignore zero if any,geometric mean if,geometric mean if any,geometric mean ignore blanks if,geometric mean ignore blanks if any,geometric mean ignore zero if,geometric mean ignore zero if any,harmonic mean if,harmonic mean if any,median if,median if any,median ignore zero if,median ignore zero if any,variance if,variance if any,variance ignore blanks if,variance ignore blanks if any,variance ignore zero if,variance ignore zero if any,deviation if,deviation if any,deviation ignore blanks if,deviation ignore blanks if any,deviation ignore zero if,deviation ignore zero if any,parallel if,parallel if any,count if,count if any,count ignore blanks if,count ignore blanks if any,count ignore zero if,count ignore zero if any,count ignore both if,count ignore both if any,max if,max if any,max ignore zero if,max ignore zero if any,max ignore blanks if,max ignore blanks if any,min if,min if any,min ignore zero if,min ignore zero if any,min ignore blanks if,min ignore blanks if any,max abc if,max abc if any,min abc if,min abc if any,min abc ignore blanks if,min abc ignore blanks if any,max abc ignore case if,min abc ignore case if any,min abc ignore both if,min abc ignore both if any,max literal if,max literal if any,min literal if,min literal if any,min literal ignore blanks if,min literal ignore blanks if any,max literal ignore case if,min literal ignore case if any,min literal ignore both if,min literal ignore both if any,max 123 if,max 123 if any,min 123 if,min 123 if any,max 123 ignore zero if,max 123 ignore zero if any,min 123 ignore zero if,min 123 ignore zero if any,max numeral if,max numeral if any,min numeral if,min numeral if any,max numeral ignore zero if,max numeral ignore zero if any,min numeral ignore zero if,min numeral ignore zero if any,join if,join if any,join ignore blanks if,join ignore blanks if any,join unique if,join unique ignore blanks if,conditional combination functions;
OK;Body;3;B 9.4.7;Finance and Business Functions;REF_Features_finance_functions.html;finance functions;finance functions,business functions;
OK;Body;4;B 9.4.7.1;cagr - Compond Annual Growth Rate;REF_Function_cagr.html;cagr;cagr,compound annual growth rate;
OK;Body;4;B 9.4.7.2;irr - Internal Rate of Return;REF_Function_irr.html;irr;irr;
OK;Body;4;B 9.4.7.3;tv - Terminal Value;REF_Function_tv.html;tv;tv;
OK;Body;4;B 9.4.7.4;discount - Discount Values;REF_Function_discount.html;discount;discount;
OK;Body;4;B 9.4.7.5;distribute - Value Distribution over Timeline;REF_Function_distribute.html;distribute,distribute advance;distribute,distribute advance,distribution over timeline;
OK;Body;2;B 9.5;String Functions;REF_Features_string_functions.html;string functions;string functions,literal functions;
OK;Body;3;B 9.5.1;String Search and Extraction Functions;REF_Features_string_search_and_extraction.html;string search and extraction;string search and extraction,string search functions,string extraction functions;
OK;Body;4;B 9.5.1.1;length ... (string function);REF_Function_length.html;length;length,length (string function),length [string function];
OK;Body;4;B 9.5.1.2;find ... (string function);REF_Function_find.html;find,find ignore case,find ignore blanks,find ignore both;find,find ignore case,find ignore blanks,find ignore both,find (string function),find [string function];
OK;Body;4;B 9.5.1.3;left ... (string function);REF_Function_left.html;left,left include,left last match,left last match include;left,left include,left last match,left last match include,left (string function),left [string function];
OK;Body;4;B 9.5.1.4;right ... (string function);REF_Function_right.html;right,right include,right last match,right last match include;right,right include,right last match,right last match include,right (string function),right [string function];
OK;Body;4;B 9.5.1.5;middle ... (string function);REF_Function_middle.html;middle,middle include,middle until,middle until include;middle,middle include,middle until,middle until include,middle (string function),middle [string function];
OK;Body;4;B 9.5.1.6;outside ... (string function);REF_Function_outside.html;outside,outside exclude,outside until,outside until exclude;outside,outside exclude,outside until,outside until exclude,outside (string function),outside [string function];
OK;Body;4;B 9.5.1.7;trim ... (string function);REF_Function_trim.html;trim,trim all;trim,trim all,trim (string function),trim [string function];
OK;Body;4;B 9.5.1.8;replace, replace all;REF_Function_replace.html;replace,replace all;replace,replace all;
OK;Body;4;B 9.5.1.9;substitute, substitute all;REF_Function_substitute.html;substitute,substitute all;substitute,substitute all;
OK;Body;4;B 9.5.1.10;get differences;REF_Function_get_differences.html;get differences;get differences;
OK;Body;4;B 9.5.1.11;locate differences;REF_Function_locate_differences.html;locate differences;locate differences;
OK;Body;4;B 9.5.1.12;tokenize;REF_Function_tokenize.html;tokenize;tokenize;
OK;Body;3;B 9.5.2;Character Encoding and Decoding;REF_Features_character_coding.html;character coding;character coding;
OK;Body;4;B 9.5.2.1;chr;REF_Function_chr.html;chr;chr,character encoding;
OK;Body;4;B 9.5.2.2;code;REF_Function_code.html;code;code,character decoding;
OK;Body;4;B 9.5.2.3;decode entities;REF_Function_decode_entities.html;decode entities;decode entities;
OK;Body;4;B 9.5.2.4;encode entities;REF_Function_encode_entities.html;encode entities;encode entities;
OK;Body;3;B 9.5.3;Miscellaneous String Functions;REF_Features_Other_string_functions.html;Other string functions;Other string functions;
OK;Body;4;B 9.5.3.1;random string, random letters;REF_Function_random_string.html;random string,random letters;random string,random letters;
OK;Body;4;B 9.5.3.2;abbreviate name;REF_Function_abbreviate_name.html;abbreviate name;abbreviate name;
OK;Body;2;B 9.6;Date and Time Functions;REF_Features_date_and_time_functions.html;date and time functions;date and time functions;
OK;Body;3;B 9.6.1;Date Functions;REF_Features_date_functions.html;date functions;date functions;
OK;Body;4;B 9.6.1.1;date inside, time inside;REF_Function_date_inside.html;date inside,time inside;date inside,time inside;
OK;Body;4;B 9.6.1.2;year, quarter, month, day;REF_Function_year.html;year,quarter,month,day;year,quarter,month,day,Date info functions;
OK;Body;4;B 9.6.1.3;day of year;REF_Function_day_of_year.html;day of year;day of year;
OK;Body;4;B 9.6.1.4;serial date;REF_Function_serial_date.html;serial date;serial date,date info functions;
OK;Body;4;B 9.6.1.5;weekday;REF_Function_weekday.html;weekday;weekday,weekday from date;
OK;Body;4;B 9.6.1.6;week;REF_Function_week.html;week;week;
OK;Body;4;B 9.6.1.7;reschedule;REF_Function_reschedule.html;reschedule;reschedule;
OK;Body;3;B 9.6.2;Time and Stopwatch Functions;REF_Features_time_and_stopwatch_functions.html;time and stopwatch functions;time and stopwatch functions,time functions;
OK;Body;4;B 9.6.2.1;hour, minute, second;REF_Function_hour.html;hour,minute,second;hour,minute,second,Time Info Functions;
OK;Body;4;B 9.6.2.2;Stopwatch Functions;REF_Function_watch_start.html;watch start,watch stop,watch continue,watch reset, watch read;watch start,watch stop,watch continue,watch reset, watch read;
OK;Body;3;B 9.6.3;Sleep and Wait Functions;REF_Features_sleep_and_wait_functions.html;sleep and wait functions;sleep and wait functions;
OK;Body;4;B 9.6.3.1;sleep, sleep countdown;REF_Function_sleep.html;sleep,sleep countdown;sleep,sleep countdown;
OK;Body;4;B 9.6.3.2;sleep until, sleep until countdown;REF_Function_sleep_until.html;sleep until,sleep until countdown;sleep until,sleep until countdown;
OK;Body;4;B 9.6.3.3;wait until, wait until countdown;REF_Function_wait_until.html;wait until,wait until countdown;wait until,wait until countdown;
OK;Body;4;B 9.6.3.4;wait, wait countdown;REF_Function_wait.html;wait,wait countdown;wait,wait countdown;
OK;Body;2;B 9.7;Parameter Set Functions;REF_Features_parameter_set_functions.html;parameter set functions;parameter set functions;
OK;Body;3;B 9.7.1;Set Search and Extraction Functions;REF_Features_parameter_set_search_and_extraction.html;parameter set search and extraction;parameter set search and extraction,parameter set search functions,parameter set extraction functions;
OK;Body;4;B 9.7.1.1;length ... (parameter set function);REF_Function_length_.html;length ;length ,length (parameter set function),length [parameter set function];
OK;Body;4;B 9.7.1.2;find ... (parameter set function);REF_Function_find_.html;find ,find ignore case ,find ignore blanks ,find ignore both ;find ,find ignore case ,find ignore blanks ,find ignore both ,find (parameter set function),find [parameter set function];
OK;Body;4;B 9.7.1.3;left ... (parameter set function);REF_Function_left_.html;left ,left include ,left last match ,left last match include ;left ,left include ,left last match ,left last match include ,left (parameter set function),left [parameter set function];
OK;Body;4;B 9.7.1.4;right ... (parameter set function);REF_Function_right_.html;right ,right include ,right last match ,right last match include ;right ,right include ,right last match ,right last match include ,right (parameter set function),right [parameter set function];
OK;Body;4;B 9.7.1.5;middle ... (parameter set function);REF_Function_middle_.html;middle ,middle include ,middle until ,middle until include ;middle ,middle include ,middle until ,middle until include ,middle (parameter set function),middle [parameter set function];
OK;Body;4;B 9.7.1.6;outside ... (parameter set function);REF_Function_outside_.html;outside ,outside exclude ,outside until ,outside until exclude ;outside ,outside exclude ,outside until ,outside until exclude ,outside (parameter set function),outside [parameter set function];
OK;Body;4;B 9.7.1.7;trim ... (parameter set function);REF_Function_trim_.html;trim ;trim ,trim (parameter set function),trim [parameter set function];
OK;Body;4;B 9.7.1.8;count elements ...;REF_Function_count_elements.html;count elements,count elements ignore case,count elements ignore blanks,count elements ignore both;count elements,count elements ignore case,count elements ignore blanks,count elements ignore both;
OK;Body;4;B 9.7.1.9;subset ...;REF_Function_subset.html;subset,subset ignore case,subset ignore blanks,subset ignore both,subset recursive,subset recursive ignore case,subset recursive ignore blanks,subset recursive ignore both;subset,subset ignore case,subset ignore blanks,subset ignore both,subset recursive,subset recursive ignore case,subset recursive ignore blanks,subset recursive ignore both;
OK;Body;4;B 9.7.1.10;filter ...;REF_Function_filter.html;filter,filter 1,filter n,filter start,filter start include,filter start n,filter start n include,filter stop,filter stop include;filter,filter 1,filter n,filter start,filter start include,filter start n,filter start n include,filter stop,filter stop include;
OK;Body;3;B 9.7.2;Matrix Manipulation Functions;REF_Features_matrix_manipulation_functions.html;matrix manipulation functions;matrix manipulation functions,matrix manipulations;
OK;Body;4;B 9.7.2.1;horizontal;REF_Function_horizontal.html;horizontal;horizontal;
OK;Body;4;B 9.7.2.2;vertical;REF_Function_vertical.html;vertical;vertical;
OK;Body;4;B 9.7.2.3;flat;REF_Function_flat.html;flat;flat;
OK;Body;4;B 9.7.2.4;diagonal;REF_Function_diagonal.html;diagonal;diagonal;
OK;Body;4;B 9.7.2.5;transpose;REF_Function_transpose.html;transpose;transpose,transpose matrix,transpose matrices;
OK;Body;2;B 9.8;Table Functions - Basics;REF_Features_table_functions.html;table functions;table functions;
OK;Body;3;B 9.8.1;Creating and Deleting Tables;REF_Features_table_creating_deleting.html;table creating deleting;table creating deleting;
OK;Body;4;B 9.8.1.1;table create ...;REF_Function_table_create.html;table create,table create if not existing;table create,table create if not existing;
OK;Body;4;B 9.8.1.2;table initialize/append ...;REF_Function_table_initialize.html;table initialize,table append,table append on same row,table append on same field;table initialize,table append,table append on same row,table append on same field;
OK;Body;4;B 9.8.1.3;table append blank rows;REF_Function_table_append_blank_rows.html;table append blank rows;table append blank rows;
OK;Body;4;B 9.8.1.4;table configure;REF_Function_table_configure.html;table configure;table configure;
OK;Body;4;B 9.8.1.5;table clear ...;REF_Function_table_clear.html;table clear;table clear;
OK;Body;4;B 9.8.1.6;table delete ...;REF_Function_table_delete.html;table delete,table delete silently;table delete,table delete silently;
OK;Body;3;B 9.8.2;Accessing Table Information;REF_Features_accessing_table_info.html;accessing table info;accessing table info;
OK;Body;4;B 9.8.2.1;table existing;REF_Function_table_existing.html;table existing;table existing;
OK;Body;4;B 9.8.2.2;table length;REF_Function_table_length.html;table length;table length;
OK;Body;4;B 9.8.2.3;table row width;REF_Function_table_row_width.html;table row width;table row width;
OK;Body;4;B 9.8.2.4;table min/max width;REF_Function_table_min_width.html;table min width,table max width;table min width,table max width;
OK;Body;3;B 9.8.3;Accessing Table Contents;REF_Features_Accessing_table_contents.html;Accessing table contents;Accessing table contents;
OK;Body;4;B 9.8.3.1;row;REF_Function_row.html;row;row;
OK;Body;4;B 9.8.3.2;col;REF_Function_col.html;col;col;
OK;Body;4;B 9.8.3.3;forget memorized table columns;REF_Function_forget_memorized_table_columns.html;forget memorized table columns;forget memorized table columns;
OK;Body;4;B 9.8.3.4;table read column selected rows;REF_Function_table_read_column_selected_rows.html;table read column selected rows;table read column selected rows;
OK;Body;4;B 9.8.3.5;table write column selected rows;REF_Function_table_write_column_selected_rows.html;table write column selected rows;table write column selected rows;
OK;Body;3;B 9.8.4;Loading and Saving Tables;REF_Features_Loading_and_saving_tables.html;Loading and saving tables;Loading and saving tables;
OK;Body;4;B 9.8.4.1;table load ...;REF_Function_table_load.html;table load,table load unchanged;table load,table load unchanged;
OK;Body;5;B 9.8.4.1.1;Loading HTML files;REF_Features_Loading_HTML_files.html;Loading HTML files;Loading HTML files,loading HTML files;
OK;Body;5;B 9.8.4.1.2;Loading XML files;REF_Features_Loading_XML_files.html;Loading XML files;Loading XML files,loading XML files;
OK;Body;5;B 9.8.4.1.3;Loading JSON files;REF_Features_Loading_JSON_files.html;Loading JSON files;Loading JSON files,loading JSON files;
OK;Body;4;B 9.8.4.2;table save ...;REF_Function_table_save.html;table save,table save with local decimal separator,table save with decimal comma,table save multiple;table save,table save with local decimal separator,table save with decimal comma,table save multiple;
OK;Body;5;B 9.8.4.2.1;Saving JSON files;REF_Features_Saving_JSON_files.html;Saving JSON files;Saving JSON files;
OK;Body;4;B 9.8.4.3;excel list sheets;REF_Function_excel_list_sheets.html;excel list sheets;excel list sheets;
OK;Body;4;B 9.8.4.4;table load excel file;REF_Function_table_load_excel_file.html;table load excel file;table load excel file;
OK;Body;3;B 9.8.5;Input/Output with Tables;REF_Features_Input_output_wtih_tables.html;Input output wtih tables;Input output wtih tables;
OK;Body;4;B 9.8.5.1;table list;REF_Function_table_list.html;table list;table list;
OK;Body;4;B 9.8.5.2;table menu ...;REF_Function_table_menu.html;table menu,table menu quick;table menu,table menu quick;
OK;Body;2;B 9.9;Table Functions - Processing;REF_Features_table_functions_processing.html;table functions processing;table functions processing;
OK;Body;3;B 9.9.1;Checking and Processing Headers;REF_Features_Checking_headers.html;Checking headers,Processing headers;Checking headers,Processing headers;
OK;Body;4;B 9.9.1.1;table check header;REF_Function_table_check_header.html;table check header;table check header;
OK;Body;4;B 9.9.1.2;table column number;REF_Function_table_column_number.html;table column number;table column number;
OK;Body;4;B 9.9.1.3;table check headers ...;REF_Function_table_check_headers.html;table check headers,table check headers silently;table check headers,table check headers silently;
OK;Body;4;B 9.9.1.4;table rename ... headers;REF_Function_table_rename_headers.html;table rename headers,table rename column headers,table rename existing headers;table rename headers,table rename column headers,table rename existing headers;
OK;Body;4;B 9.9.1.5;table correct headers ...;REF_Function_table_correct_headers.html;table correct headers,table correct headers ignore case;table correct headers,table correct headers ignore case;
OK;Body;4;B 9.9.1.6;table lift ...;REF_Function_table_lift_header_row.html;table lift header row,table lift headers,table lift contents;table lift header row,table lift headers,table lift contents;
OK;Body;3;B 9.9.2;Searching Tables;REF_Features_Searching_tables.html;Searching tables;Searching tables;
OK;Body;4;B 9.9.2.1;table search ...;REF_Function_table_search.html;table search,table search vertically;table search,table search vertically;
OK;Body;4;B 9.9.2.2;table search row;REF_Function_table_search_row.html;table search row;table search row;
OK;Body;4;B 9.9.2.3;table selected rows;REF_Function_table_selected_rows.html;table selected rows;table selected rows;
OK;Body;4;B 9.9.2.4;table selected columns/headers ...;REF_Function_table_selected_columns.html;table selected columns,table selected column numbers,table selected headers;table selected columns,table selected column numbers,table selected headers;
OK;Body;4;B 9.9.2.5;table search header row;REF_Function_table_search_header_row.html;table search header row;table search header row;
OK;Body;3;B 9.9.3;Processing Table Columns;REF_Features_Processing_table_columns.html;Processing table columns;Processing table columns;
OK;Body;4;B 9.9.3.1;table insert (missing) columns;REF_Function_table_insert_columns.html;table insert columns,table insert missing columns;table insert columns,table insert missing columns;
OK;Body;4;B 9.9.3.2;table copy columns ...;REF_Function_table_copy_columns.html;table copy columns,table copy columns selected rows;table copy columns,table copy columns selected rows;
OK;Body;4;B 9.9.3.3;table duplicate columns ...;REF_Function_table_duplicate_columns.html;table duplicate columns;table duplicate columns;
OK;Body;4;B 9.9.3.4;table sort columns;REF_Function_table_sort_columns.html;table sort columns;table sort columns;
OK;Body;4;B 9.9.3.5;table rearrange ... columns;REF_Function_table_rearrange_columns.html;table rearrange columns,table rearrange existing columns;table rearrange columns,table rearrange existing columns;
OK;Body;4;B 9.9.3.6;table keep ... columns;REF_Function_table_keep_columns.html;table keep columns,table keep existing columns;table keep columns,table keep existing columns;
OK;Body;4;B 9.9.3.7;table delete columns;REF_Function_table_delete_columns.html;table delete columns;table delete columns;
OK;Body;4;B 9.9.3.8;table delete remaining columns;REF_Function_table_delete_remaining_columns.html;table delete remaining columns;table delete remaining columns;
OK;Body;4;B 9.9.3.9;table delete blank/empty/unnamed columns;REF_Function_table_delete_blank_columns.html;table delete blank columns,table delete all blank columns,table delete empty columns,table delete all empty columns,table delete unnamed columns,table delete all unnamed columns;table delete blank columns,table delete all blank columns,table delete empty columns,table delete all empty columns,table delete unnamed columns,table delete all unnamed columns;
OK;Body;3;B 9.9.4;Processing Table Rows;REF_Features_Processing_table_rows.html;Processing table rows;Processing table rows;
OK;Body;4;B 9.9.4.1;table insert rows;REF_Function_table_insert_rows.html;table insert rows;table insert rows;
OK;Body;4;B 9.9.4.2;table insert ... selected rows;REF_Function_table_insert_selected_rows.html;table insert selected rows,table insert above selected rows;table insert selected rows,table insert above selected rows;
OK;Body;4;B 9.9.4.3;table delete rows;REF_Function_table_delete_rows.html;table delete rows;table delete rows;
OK;Body;4;B 9.9.4.4;table delete remaining rows;REF_Function_table_delete_remaining_rows.html;table delete remaining rows;table delete remaining rows;
OK;Body;4;B 9.9.4.5;table delete selected rows;REF_Function_table_delete_selected_rows.html;table delete selected rows;table delete selected rows;
OK;Body;4;B 9.9.4.6;table keep selected rows;REF_Function_table_keep_selected_rows.html;table keep selected rows;table keep selected rows;
OK;Body;4;B 9.9.4.7;table delete blank rows;REF_Function_table_delete_blank_rows.html;table delete blank rows;table delete blank rows;
OK;Body;4;B 9.9.4.8;table check row;REF_Function_table_check_row.html;table check row;table check row;
OK;Body;4;B 9.9.4.9;table rearrange selected rows;REF_Function_table_rearrange_selected_rows.html;table rearrange selected rows;table rearrange selected rows;
OK;Body;4;B 9.9.4.10;table sort (selected) rows;REF_Function_table_sort_rows.html;table sort rows,table sort selected rows;table sort rows,table sort selected rows;
OK;Body;4;B 9.9.4.11;table rank (selected) rows;REF_Function_table_rank_rows.html;table rank rows,table rank selected rows;table rank rows,table rank selected rows;
OK;Body;3;B 9.9.5;Processing Table Contents;REF_Features_Processing_table_contents.html;Processing table contents;Processing table contents;
OK;Body;4;B 9.9.5.1;table process (selected rows);REF_Function_table_process.html;table process,table process rows,table process selected rows;table process,table process rows,table process selected rows;
OK;Body;4;B 9.9.5.2;table process selected rows fast;REF_Function_table_process_selected_rows_fast.html;table process selected rows fast;table process selected rows fast;
OK;Body;4;B 9.9.5.3;table process (selected) columns;REF_Function_table_process_columns.html;table process columns,table process selected columns;table process columns,table process selected columns;
OK;Body;4;B 9.9.5.4;table process cells (selected rows);REF_Function_table_process_cells.html;table process cells,table process cells selected rows;table process cells,table process cells selected rows;
OK;Body;4;B 9.9.5.5;table process cells in columns (selected rows);REF_Function_table_process_cells_in_columns.html;table process cells in columns,table process cells in columns selected rows;table process cells in columns,table process cells in columns selected rows;
OK;Body;5;B 9.9.5.5.1;Addt'l Info on fast rows processing;REF_Features_Additional_info_on_fast_processing_of_rows.html;Additional info on fast processing of rows;Additional info on fast processing of rows;
OK;Body;4;B 9.9.5.6;table manipulate;REF_Function_table_manipulate.html;table manipulate;table manipulate;
OK;Body;4;B 9.9.5.7;table fill vertically ...;REF_Function_table_fill_vertically.html;table fill vertically,table fill vertically selected rows;table fill vertically,table fill vertically selected rows;
OK;Body;4;B 9.9.5.8;table fill horizontally ...;REF_Function_table_fill_horizontally.html;table fill horizontally,table fill horizontally selected rows;table fill horizontally,table fill horizontally selected rows;
OK;Body;4;B 9.9.5.9;table substitute vertically ...;REF_Function_table_substitute_vertically.html;table substitute vertically,table substitute vertically selected rows;table substitute vertically,table substitute vertically selected rows;
OK;Body;4;B 9.9.5.10;table substitute horizontally ...;REF_Function_table_substitute_horizontally.html;table substitute horizontally,table substitute horizontally selected rows;table substitute horizontally,table substitute horizontally selected rows;
OK;Body;4;B 9.9.5.11;table delete cells selected rows;REF_Function_table_delete_cells_selected_rows.html;table delete cells selected rows;table delete cells selected rows;
OK;Body;4;B 9.9.5.12;table delete cells selected columns;REF_Function_table_delete_cells_selected_columns.html;table delete cells selected columns;table delete cells selected columns;
OK;Body;4;B 9.9.5.13;table format numbers;REF_Function_table_format_numbers.html;table format numbers;table format numbers;
OK;Body;4;B 9.9.5.14;table fit;REF_Function_table_fit.html;table fit;table fit;
OK;Body;3;B 9.9.6;Renaming, Copying and Splitting Tables;REF_Features_Copying_and_spitting_tables.html;Copying and spitting tables;Copying and spitting tables;
OK;Body;4;B 9.9.6.1;table rename;REF_Function_table_rename.html;table rename;table rename;
OK;Body;4;B 9.9.6.2;table copy table;REF_Function_table_copy_table.html;table copy table;table copy table;
OK;Body;4;B 9.9.6.3;table copy/split table selected rows;REF_Function_table_copy_table_selected_rows.html;table copy table selected rows,table split table selected rows;table copy table selected rows,table split table selected rows;
OK;Body;4;B 9.9.6.4;table copy table columns ...;REF_Function_table_copy_table_columns.html;table copy table columns,table copy table columns selected rows;table copy table columns,table copy table columns selected rows;
OK;Body;4;B 9.9.6.5;table split table columns ...;REF_Function_table_split_table_columns.html;table split table columns;table split table columns;
OK;Body;2;B 9.10;Table Functions - Advanced;REF_Features_advanced_table_functions.html;advanced table functions;advanced table functions;
OK;Body;3;B 9.10.1;Checking and Comparing Tables;REF_Features_Checking_and_comparing_tables.html;Checking and comparing tables;Checking and comparing tables;
OK;Body;4;B 9.10.1.1;table compare ...;REF_Function_table_compare.html;table compare,table compare ignore case,table compare ignore blanks,table compare ignore both;table compare,table compare ignore case,table compare ignore blanks,table compare ignore both;
OK;Body;5;B 9.10.1.1.1;Table Comparison Strategy;REF_Features_Table_comparison_strategy.html;Table comparison strategy;Table comparison strategy;
OK;Body;5;B 9.10.1.1.2;Table Comparison Reports;REF_Features_Table_comparison_reports.html;Table comparison reports;Table comparison reports;
OK;Body;5;B 9.10.1.1.3;Change Indication Function;REF_Function_(This_is_a_user-defined_function_you_need_to_create).html;(This is a user-defined function you need to create);(This is a user-defined function you need to create);
OK;Body;4;B 9.10.1.2;table check;REF_Function_table_check.html;table check;table check;
OK;Body;5;B 9.10.1.2.1;Checking Tables - Row and Group Results;REF_Features_checking_tables_row_results.html;checking tables row results,checking tables group results;checking tables row results,checking tables group results;
OK;Body;5;B 9.10.1.2.2;Checking Tables - Examples;REF_Features_checking_tables_examples.html;checking tables examples;checking tables examples;
OK;Body;4;B 9.10.1.3;table check duplicates ...;REF_Function_table_check_duplicates.html;table check duplicates,table check duplicates ignore case,table check duplicates ignore blanks,table check duplicates ingore both,table check duplicates selected rows,table check duplicates ignore case selected rows,table check duplicates ignore blanks selected rows,table check duplicates ingore both selected rows;table check duplicates,table check duplicates ignore case,table check duplicates ignore blanks,table check duplicates ingore both,table check duplicates selected rows,table check duplicates ignore case selected rows,table check duplicates ignore blanks selected rows,table check duplicates ingore both selected rows;
OK;Body;3;B 9.10.2;Looking up Other Tables;REF_Features_Looking_up_Other_Tables.html;Looking up Other Tables;Looking up Other Tables;
OK;Body;4;B 9.10.2.1;table lookup ...;REF_Function_table_lookup.html;table lookup,table lookup ignore case,table lookup top down,table lookup top down ignore case;table lookup,table lookup ignore case,table lookup top down,table lookup top down ignore case;
OK;Body;4;B 9.10.2.2;table lookup once ...;REF_Function_table_lookup_once.html;table lookup once,table lookup once ignore case;table lookup once,table lookup once ignore case;
OK;Body;4;B 9.10.2.3;table lookup fast ...;REF_Function_table_lookup_fast.html;table lookup fast,table lookup fast ignore case;table lookup fast,table lookup fast ignore case;
OK;Body;4;B 9.10.2.4;table lookup smart ...;REF_Function_table_lookup_smart.html;table lookup smart,table lookup smart ignore case;table lookup smart,table lookup smart ignore case;
OK;Body;4;B 9.10.2.5;table lookup smart once ...;REF_Function_table_lookup_smart_once.html;table lookup smart once,table lookup smart once ignore case;table lookup smart once,table lookup smart once ignore case;
OK;Body;4;B 9.10.2.6;table integrate ...;REF_Function_table_integrate.html;table integrate,table integrate ignore case,table integrate top down,table integratetop down ignore case;table integrate,table integrate ignore case,table integrate top down,table integratetop down ignore case;
OK;Body;4;B 9.10.2.7;table integrate once ...;REF_Function_table_integrate_once.html;table integrate once,table integrate once ignore case;table integrate once,table integrate once ignore case;
OK;Body;4;B 9.10.2.8;table integrate fast ...;REF_Function_table_integrate_fast.html;table integrate fast,table integrate fast ignore case;table integrate fast,table integrate fast ignore case;
OK;Body;4;B 9.10.2.9;table integrate smart ...;REF_Function_table_integrate_smart.html;table integrate smart,table lookup integrate ignore case;table integrate smart,table lookup integrate ignore case;
OK;Body;4;B 9.10.2.10;table integrate smart once ...;REF_Function_table_integrate_smart_once.html;table integrate smart once,table integrate smart once ignore case;table integrate smart once,table integrate smart once ignore case;
OK;Body;4;B 9.10.2.11;table expand ...;REF_Function_table_expand.html;table expand,table expand ignore case;table expand,table expand ignore case;
OK;Body;4;B 9.10.2.12;table expand fast ...;REF_Function_table_expand_fast.html;table expand fast,table expand fast ignore case;table expand fast,table expand fast ignore case;
OK;Body;4;B 9.10.2.13;table expand smart ...;REF_Function_table_expand_smart.html;table expand smart,table expand smart ignore case;table expand smart,table expand smart ignore case;
OK;Body;4;B 9.10.2.14;table expand fast smart ...;REF_Function_table_expand_fast_smart.html;table expand fast smart,table expand fast smart ignore case;table expand fast smart,table expand fast smart ignore case;
OK;Body;4;B 9.10.2.15;Table Integration Operation Identifiers;REF_Features_Table_integration_operation_identifiers.html;Table integration operation identifiers;Table integration operation identifiers;
OK;Body;3;B 9.10.3;Pivoting and Conosolidating Tables;REF_Features_Pivoting_and_consolidating_tables.html;Pivoting and consolidating tables;Pivoting and consolidating tables;
OK;Body;4;B 9.10.3.1;table transpose;REF_Function_table_transpose.html;table transpose;table transpose;
OK;Body;4;B 9.10.3.2;table serialize ...;REF_Function_table_serialize.html;table serialize,table serialize all,table serialize ignore zero;table serialize,table serialize all,table serialize ignore zero;
OK;Body;4;B 9.10.3.3;table spread ...;REF_Function_table_spread.html;table spread,table spread accumulating;table spread,table spread accumulating;
OK;Body;4;B 9.10.3.4;table spread given headers ...;REF_Function_table_spread_given_headers.html;table spread given headers,table spread given headers accumulating;table spread given headers,table spread given headers accumulating;
OK;Body;4;B 9.10.3.5;table consolidate ...;REF_Function_table_consolidate.html;table consolidate,table consolidate selected rows;table consolidate,table consolidate selected rows;
OK;Body;4;B 9.10.3.6;table distribute ...;REF_Function_table_distribute.html;table distribute,table distribute advance,table distribute accumulate,table distribute advance accumulate;table distribute,table distribute advance,table distribute accumulate,table distribute advance accumulate;
OK;Body;3;B 9.10.4;Combining Multiple Tables;REF_Features_Combining_Multiple_Tables.html;Combining Multiple Tables;Combining Multiple Tables;
OK;Body;4;B 9.10.4.1;table merge ...;REF_Function_table_merge.html;table merge,table merge extend columns,table merge intersect columns,table merge subtract columns,table merge exclusive columns;table merge,table merge extend columns,table merge intersect columns,table merge subtract columns,table merge exclusive columns;
OK;Body;4;B 9.10.4.2;table overlay/subtract ...;REF_Function_table_overlay.html;table overlay,table overlay extend columns,table overlay intersect columns,table overlay columns,table overlay exclusive columns;table overlay,table overlay extend columns,table overlay intersect columns,table overlay columns,table overlay exclusive columns;
OK;Body;4;B 9.10.4.3;table intersect ...;REF_Function_table_intersect.html;table intersect,table intersect extend columns,table intersect intersect columns,table intersect columns,table intersect exclusive columns;table intersect,table intersect extend columns,table intersect intersect columns,table intersect columns,table intersect exclusive columns;
OK;Body;4;B 9.10.4.4;table subtract ...;REF_Function_table_subtract.html;table subtract,table subtract extend columns,table subtract subtract columns,table subtract columns,table subtract exclusive columns;table subtract,table subtract extend columns,table subtract subtract columns,table subtract columns,table subtract exclusive columns;
OK;Body;4;B 9.10.4.5;table exclude ...;REF_Function_table_exclude.html;table exclude,table exclude extend columns,table exclude exclude columns,table exclude columns,table exclude exclusive columns;table exclude,table exclude extend columns,table exclude exclude columns,table exclude columns,table exclude exclusive columns;
OK;Body;4;B 9.10.4.6;table multiply ...;REF_Function_table_multiply.html;table multiply,table multiply selected rows;table multiply,table multiply selected rows;
OK;Body;4;B 9.10.4.7;table divide ...;REF_Function_table_divide.html;table divide,table divide selected rows;table divide,table divide selected rows;
OK;Body;4;B 9.10.4.8;table arrange ...;REF_Function_table_arrange.html;table arrange,table arrange with spacing;table arrange,table arrange with spacing;
OK;Body;3;B 9.10.5;Exploring and Extracting Tables;REF_Features_Exploring_and_Extracting_Tables.html;Exploring and Extracting Tables;Exploring and Extracting Tables;
OK;Body;4;B 9.10.5.1;table explore;REF_Function_table_explore.html;table explore;table explore;
OK;Body;4;B 9.10.5.2;table filter ...;REF_Function_table_filter.html;table filter,table filter ignore case;table filter,table filter ignore case;
OK;Body;4;B 9.10.5.3;table extract ...;REF_Function_table_extract.html;table extract;table extract;
OK;Body;2;B 9.11;Table Functions - Formatting and Styling;REF_Features_Formatting_and_Styling_Tables.html;Formatting and Styling Tables;Formatting and Styling Tables;
OK;Body;3;B 9.11.1;Defining User Specific Colors;REF_Features_Defining_User_Specific_Colors.html;Defining User Specific Colors;Defining User Specific Colors,Color Specification;
OK;Body;4;B 9.11.1.1;Color Palettes;REF_Features_Color_Palettes.html;Color Palettes;Color Palettes;
OK;Body;4;B 9.11.1.2;add color;REF_Function_add_color.html;add color;add color;
OK;Body;4;B 9.11.1.3;lighten colors;REF_Function_lighten_colors.html;lighten colors;lighten colors;
OK;Body;4;B 9.11.1.4;darken colors;REF_Function_darken_colors.html;darken colors;darken colors;
OK;Body;4;B 9.11.1.5;weaken colors;REF_Function_weaken_colors.html;weaken colors;weaken colors;
OK;Body;3;B 9.11.2;Styling Functions;REF_Features_Formatting_the_Tables.html;Formatting the Tables;Formatting the Tables;
OK;Body;4;B 9.11.2.1;table style table;REF_Function_table_style_table.html;table style table;table style table;
OK;Body;4;B 9.11.2.2;table style rows;REF_Function_table_style_rows.html;table style rows;table style rows;
OK;Body;4;B 9.11.2.3;table style columns;REF_Function_table_style_columns.html;table style columns;table style columns;
OK;Body;4;B 9.11.2.4;table style cells;REF_Function_table_style_cells.html;table style cells;table style cells;
OK;Body;4;B 9.11.2.5;Generic Formatting Attributes;REF_Features_Generic_Formatting_Attributes.html;Generic Formatting Attributes;Generic Formatting Attributes,Generic Attribute Names,Generic Attribute Values;
OK;Body;4;B 9.11.2.6;Formatting Coverages and Precedences;REF_Features_Formatting_Precedences.html;Formatting Precedences,Formatting Coverages;Formatting Precedences,Formatting Coverages;
OK;Body;3;B 9.11.3;Finishing up formatting;REF_Features_Finishing_up_formatting.html;Finishing up formatting;Finishing up formatting;
OK;Body;4;B 9.11.3.1;translate style attributes ...;REF_Function_translate_style_attributes_for_excel.html;translate style attributes for excel,translate style attributes for html;translate style attributes for excel,translate style attributes for html;
OK;Body;4;B 9.11.3.2;table style reset;REF_Function_table_style_reset.html;table style reset;table style reset;
OK;Body;2;B 9.12;Variables Functions;REF_Features_variables_functions.html;variables functions;variables functions;
OK;Body;3;B 9.12.1;Basic Variables Functions;REF_Features_basic_variables_functions.html;basic variables functions;basic variables functions;
OK;Body;4;B 9.12.1.1;existing;REF_Function_existing.html;existing;existing;
OK;Body;4;B 9.12.1.2;identify;REF_Function_identify.html;identify;identify;
OK;Body;4;B 9.12.1.3;scope;REF_Function_scope.html;scope;scope;
OK;Body;4;B 9.12.1.4;name;REF_Function_name.html;name;name;
OK;Body;4;B 9.12.1.5;exchange;REF_Function_exchange.html;exchange;exchange;
OK;Body;4;B 9.12.1.6;protect ...;REF_Function_protect.html;protect,protect recursive;protect,protect recursive;
OK;Body;4;B 9.12.1.7;delete ...;REF_Function_delete.html;delete,delete members;delete,delete members;
OK;Body;4;B 9.12.1.8;global;REF_Function_global.html;global;global,one-time execution;
OK;Body;3;B 9.12.2;Arrays and Structures;REF_Features_Arrays_and_Structures.html;Arrays and Structures;Arrays and Structures;
OK;Body;4;B 9.12.2.1;dim / redim;REF_Function_dim.html;dim,redim;dim,redim;
OK;Body;4;B 9.12.2.2;dim / redim protect;REF_Function_dim_protect.html;dim protect,redim protect;dim protect,redim protect;
OK;Body;4;B 9.12.2.3;array, array protect;REF_Function_array.html;array,array protect;array,array protect;
OK;Body;4;B 9.12.2.4;structure, structure protect;REF_Function_structure.html;structure,structure protect;structure,structure protect;
OK;Body;4;B 9.12.2.5;member count;REF_Function_member_count.html;member count;member count;
OK;Body;4;B 9.12.2.6;structure to array ...;REF_Function_structure_to_array.html;structure to array,structure to array recursive;structure to array,structure to array recursive;
OK;Body;4;B 9.12.2.7;array to structure ...;REF_Function_array_to_structure.html;array to structure,array to array structure;array to structure,array to array structure;
OK;Body;4;B 9.12.2.8;set, set names;REF_Function_set.html;set,set names;set,set names;
OK;Body;3;B 9.12.3;Loading and Saving Variables;REF_Features_Loading_and_saving_variables.html;Loading and saving variables;Loading and saving variables;
OK;Body;4;B 9.12.3.1;variable load ...;REF_Function_variable_load.html;variable load;variable load;
OK;Body;4;B 9.12.3.2;json to variable ...;REF_Function_json_to_variable.html;json to variable;json to variable;
OK;Body;4;B 9.12.3.3;variable save ...;REF_Function_variable_save.html;variable save;variable save;
OK;Body;4;B 9.12.3.4;variable to json ...;REF_Function_variable_to_json.html;variable to json;variable to json;
OK;Body;3;B 9.12.4;Variable References Functions;REF_Features_Variable_references_functions.html;Variable references functions;Variable references functions;
OK;Body;4;B 9.12.4.1;release;REF_Function_release.html;release;release;
OK;Body;4;B 9.12.4.2;release all;REF_Function_release_all.html;release all;release all;
OK;Body;3;B 9.12.5;Resident Attributes Functions;REF_Features_Resident_attributes_functions.html;Resident attributes functions;Resident attributes functions;
OK;Body;4;B 9.12.5.1;attribute ...;REF_Function_attribute_read.html;attribute read,attribute write,attribute modify,attribute delete,attribute remove,attribute listing;attribute read,attribute write,attribute modify,attribute delete,attribute remove,attribute listing;
OK;Body;2;B 9.13;Directory and File System Functions;REF_Features_directory_and_file_system_functions.html;directory and file system functions;directory and file system functions;
OK;Body;3;B 9.13.1;Basic Directory and File Functions;REF_Features_basic_directory_and_file_functions.html;basic directory and file functions;basic directory and file functions;
OK;Body;4;B 9.13.1.1;directory existing, file existing;REF_Function_directory_existing.html;directory existing,file existing;directory existing,file existing;
OK;Body;4;B 9.13.1.2;read access ..., write access ...;REF_Function_read_access.html;read access,read access repeat if locked,write access,write access repeat if locked;read access,read access repeat if locked,write access,write access repeat if locked;
OK;Body;4;B 9.13.1.3;working directory;REF_Function_working_directory.html;working directory;working directory;
OK;Body;4;B 9.13.1.4;starting directory;REF_Function_starting_directory.html;starting directory;starting directory;
OK;Body;4;B 9.13.1.5;directory size;REF_Function_directory_size.html;directory size;directory size;
OK;Body;4;B 9.13.1.6;file size;REF_Function_file_size.html;file size;file size;
OK;Body;4;B 9.13.1.7;disk space ...;REF_Function_disk_space.html;disk space,disk space free;disk space,disk space free;
OK;Body;3;B 9.13.2;Listing and Searching Directories and Files;REF_Features_listing_directories_and_files.html;listing directories and files;listing directories and files;
OK;Body;4;B 9.13.2.1;directory listing ...;REF_Function_directory_listing.html;directory listing,directory listing recursive;directory listing,directory listing recursive;
OK;Body;4;B 9.13.2.2;advanced directory listing ...;REF_Function_advanced_directory_listing.html;advanced directory listing,advanced directory listing recursive;advanced directory listing,advanced directory listing recursive;
OK;Body;4;B 9.13.2.3;search files ...;REF_Function_search_files.html;search files,search files recursive;search files,search files recursive;
OK;Body;4;B 9.13.2.4;choose recent file;REF_Function_choose_recent_file.html;choose recent file;choose recent file;
OK;Body;4;B 9.13.2.5;count files ...;REF_Function_count_files.html;count files,count files recursive;count files,count files recursive;
OK;Body;4;B 9.13.2.6;resolve path/directory/file name;REF_Function_resolve_path_name.html;resolve path name,resolve directory name,resolve file name;resolve path name,resolve directory name,resolve file name;
OK;Body;4;B 9.13.2.7;office document properties;REF_Function_office_document_properties.html;office document properties;office document properties;
OK;Body;3;B 9.13.3;Manipulating Directories and Files;REF_Features_manipulating_directories_and_files.html;manipulating directories and files;manipulating directories and files;
OK;Body;4;B 9.13.3.1;directory create ...;REF_Function_directory_create.html;directory create,directory create all,directory create silently;directory create,directory create all,directory create silently,directory create ... Functions;
OK;Body;4;B 9.13.3.2;create own temp directory;REF_Function_create_own_temp_directory.html;create own temp directory;create own temp directory;
OK;Body;4;B 9.13.3.3;file delete ...;REF_Function_file_delete.html;file delete,file delete all,file delete silently;file delete,file delete all,file delete silently,file delete ... Functions;
OK;Body;4;B 9.13.3.4;file delete multiple/recursive ...;REF_Function_file_delete_multiple.html;file delete multiple,file delete multiple all,file delete recursive,file delete recursive all;file delete multiple,file delete multiple all,file delete recursive,file delete recursive all,file delete multiple/recursive ... Functions;
OK;Body;4;B 9.13.3.5;directory delete ...;REF_Function_directory_delete.html;directory delete,directory delete all,directory delete silently;directory delete,directory delete all,directory delete silently,directory delete ... Functions;
OK;Body;4;B 9.13.3.6;directory delete multiple/recursive ...;REF_Function_directory_delete_multiple.html;directory delete multiple,directory delete multiple all,directory delete recursive,directory delete recursive all,directory delete recursive if empty;directory delete multiple,directory delete multiple all,directory delete recursive,directory delete recursive all,directory delete recursive if empty,directory delete multiple/recursive ... Functions;
OK;Body;4;B 9.13.3.7;file rename ...;REF_Function_file_rename.html;file rename,file rename all,file rename silently;file rename,file rename all,file rename silently,file rename ... Functions;
OK;Body;4;B 9.13.3.8;directory rename ...;REF_Function_directory_rename.html;directory rename,directory rename all,directory rename silently;directory rename,directory rename all,directory rename silently,directory rename ... Functions;
OK;Body;4;B 9.13.3.9;file copy ...;REF_Function_file_copy.html;file copy,file copy all,file copy silently,file copy overwrite,file copy overwrite all,file copy overwrite silently;file copy,file copy all,file copy silently,file copy overwrite,file copy overwrite all,file copy overwrite silently,file copy ... Functions;
OK;Body;4;B 9.13.3.10;file copy mulitple/recursive ...;REF_Function_file_copy_multiple.html;file copy multiple,file copy multiple all,file copy multiple overwrite,file copy multiple overwrite all,file copy recursive,file copy recursive all,file copy recursive overwrite,file copy recursive overwrite all;file copy multiple,file copy multiple all,file copy multiple overwrite,file copy multiple overwrite all,file copy recursive,file copy recursive all,file copy recursive overwrite,file copy recursive overwrite all,file copy multiple/recursive ... Functions;
OK;Body;4;B 9.13.3.11;file create link ...;REF_Function_file_create_link.html;file create link,file create link all,file create link silently;file create link,file create link all,file create link silently,file create link ... Functions;
OK;Body;4;B 9.13.3.12;file download ...;REF_Function_file_download.html;file download,file download all,file download silently,file download overwrite,file download overwrite all,file download overwrite silently;file download,file download all,file download silently,file download overwrite,file download overwrite all,file download overwrite silently,file download ... Functions;
OK;Body;3;B 9.13.4;File Compression and Decompression;REF_Features_file_compression_decompression.html;file compression decompression;file compression decompression;
OK;Body;4;B 9.13.4.1;zip extract files;REF_Function_zip_extract_files.html;zip extract files;zip extract files;
OK;Body;4;B 9.13.4.2;zip extract all;REF_Function_zip_extract_all.html;zip extract all;zip extract all;
OK;Body;4;B 9.13.4.3;zip compress;REF_Function_zip_compress.html;zip compress;zip compress;
OK;Body;2;B 9.14;System Functions;REF_Features_system_functions.html;system functions;system functions;
OK;Body;3;B 9.14.1;Executing System Commands;REF_Features_executing_system_commands.html;executing system commands;executing system commands;
OK;Body;4;B 9.14.1.1;system;REF_Function_system.html;system;system;
OK;Body;4;B 9.14.1.2;quote path;REF_Function_quote_path.html;quote path;quote path;
OK;Body;3;B 9.14.2;set locale;REF_Function_set_locale.html;set locale;set locale;
OK;Body;3;B 9.14.3;Registry Access Functions;REF_Features_registry_access_functions.html;registry access functions;registry access functions;
OK;Body;3;B 9.14.4;Licensing and Privileges;REF_Features_licensing_and_privileges.html;licensing and privileges;licensing and privileges;
OK;Body;4;B 9.14.4.1;global / script privileges;REF_Function_global_privileges.html;global privileges,script privileges;global privileges,script privileges;
OK;Body;4;B 9.14.4.2;license provide identification;REF_Function_license_provide_identification.html;license provide identification;license provide identification;
OK;Body;4;B 9.14.4.3;license apply key;REF_Function_license_apply_key.html;license apply key;license apply key;
OK;Body;2;B 9.15;Help and Support Functions;REF_Features_help_and_support_functions.html;help and support functions;help and support functions;
OK;Body;3;B 9.15.1;help;REF_Function_help.html;help;help;
OK;Body;3;B 9.15.2;docs;REF_Function_docs.html;docs;docs;
OK;Body;3;B 9.15.3;docs search;REF_Function_docs_search.html;docs search;docs search;
OK;Body;3;B 9.15.4;view;REF_Function_view.html;view;view;
OK;Body;3;B 9.15.5;view reset;REF_Function_view_reset.html;view reset;view reset;
OK;Body;3;B 9.15.6;function list / explain;REF_Function_function_list.html;function list,function explain;function list,function explain;
OK;Body;3;B 9.15.7;function dump;REF_Function_function_dump.html;function dump;function dump;
OK;Body;2;B 9.16;Cross-Functional Info;REF_Features_Cross-functional_info.html;Cross-functional info;Cross-functional info;
OK;Body;3;B 9.16.1;Sorting and Ranking Options;REF_Features_Sorting_options.html;Sorting options,Ranking options;Sorting options,Ranking options;
OK;Body;3;B 9.16.2;Consolidation Actions;REF_Features_consolidation_actions.html;consolidation actions;consolidation actions;
